activity_name,semantics
kv.r.kdp.fsSB,`kv.r.kdp.fsSB`活动功能是作为一个适应屏幕窗口大小的模态对话框，用于显示标题和内容，并允许用户通过与对话框内的元素交互来确认或取消操作，之后将结果返回给前一个活动。
c.pce.ew.PcfSBv,`c.pce.ew.PcfSBv`页面功能是作为应用程序的主界面，提供多页面切换浏览，包含底部导航栏和广告区域，用户可通过TabLayout在不同功能区域之间进行切换。
y.v.hr.ENOJ,`y.v.hr.ENOJ`活动的功能是作为主界面容器，显示带标题的内容区域，并在内容加载失败时呈现用户友好的空视图提示，支持通过Intent参数初始化界面和用户交互以动态加载或重试显示内容。
com.xd.run.wxapi.WXEntryActivity,WXEntryActivity的功能是作为微信API的入口活动，处理从微信分享链接或小程序传入的数据，解析后启动相应的后续活动或服务。
owb.m.tx.bukx,"""owb.m.tx.bukx活动功能是确认和展示具体交易或操作的详情，用户可以在此界面查看并确认交易信息，如金额和接收方，完成交易流程。"""
o.n.qk.qtKbA,“o.n.qk.qtKbA”活动可能是一个用户资料编辑页面，允许用户输入或编辑个人信息，通过一个包含输入字段和操作按钮的布局来实现，与前置活动如用户资料查看页面交互，以提交资料更改并返回更新后的信息。
k.x.rjb.irXdI,"""k.x.rjb.irXdI""活动的功能推测为处理特定业务逻辑，可能涉及用户数据展示或更新，以及与后端服务的交互，作为用户界面的一部分，它通过Intent与前置活动连接，支持用户执行详细信息查看、编辑或特定操作流程。"
t.z.pwh.YKnq,`t.z.pwh.YKnq`活动的功能可能是作为应用程序中特定功能模块的界面，如用户身份验证或设置页面，用户在此进行输入和交互，处理结果后可能导航回上一个活动或进入下一个活动。
i.aih.s.FzOB,该Activity功能是作为一个具有自适应窗口的对话框或自定义标题的界面，用于展示核心内容并可能涉及数据输入、选择操作，通过Intent与前后置Activity进行数据传递和结果返回，提供用户完成特定任务或操作的流程。
bv.u.i.frGh,bv.u.i.frGh活动的功能是作为一个对话框或模态窗口，用于显示给用户特定的信息或请求用户进行某些操作确认，可能包含标题和主要内容区域，用于用户交互后返回结果给前置活动。
u.ly.x.NAFh,该Activity功能是一个通用的对话框或确认窗口，用于显示简短的文本信息并可能包含按钮或控件以供用户确认或选择操作。
h.xyh.yix.kQrI,该Activity功能是作为具有动态内容的通用信息展示页面，包含自适应窗口布局，顶部显示标题信息，主要内容区域通过ContentFrameLayout展示可变信息，支持从前置Activity接收数据并进行展示，用户可与内容进行交互后返回或继续流程。
p.dnw.r.jMQS,“p.dnw.r.jMQS”活动功能是作为应用程序中的一个关键屏幕，用于展示动态内容或承载不同的子活动与片段，可能充当主屏幕或信息展示页面的角色。
oh.c.czw.QoTM,`oh.c.czw.QoTM`活动的功能是作为WiFi权限引导页面，向用户解释应用为何需要WiFi权限，并在用户未授予权限时提供信息，引导用户授予权限以正常使用应用功能。
com.mckj.openlib.ui.container.ContainerActivity,`com.mckj.openlib.ui.container.ContainerActivity`的功能是作为承载多个子活动或片段的容器，提供一个主框架用于不同屏幕或内容的展示，支持屏幕间的导航和用户交互，类似于应用的主屏幕或模板。
com.mckj.openlib.ui.container.ContainerFullScreenActivity,`com.mckj.openlib.ui.container.ContainerFullScreenActivity`页面功能是作为一个通用的全屏显示容器，用于展示视频、图像、文章等不同类型的内容，并可能包含控制按钮与用户交互功能，通过Intent从其他活动启动并可返回操作结果。
com.mckj.openlib.ui.container.ContainerTitleActivity,ContainerTitleActivity页面功能是提供一个具有标题栏和主要内容区的标准界面，用以展示应用内各模块的详细信息或功能，支持用户通过导航栏返回或进行进一步交互。
com.mckj.openlib.ui.DeepLinkActivity,"""DeepLinkActivity页面功能是处理和响应深度链接，从外部来源直接打开应用内的特定内容或功能。"""
com.mckj.openlib.ui.SecondSplashPage,"""SecondSplashPage活动的功能是作为应用程序的次级启动界面，展示品牌信息后引导用户进入主界面或登录界面，根据用户状态提供不同的导航路径。"""
com.google.oia.KotsActivity,"""com.google.oia.KotsActivity""页面功能是作为Google在线安装协助的一部分，处理应用资源的下载、解压、安装或进行设备兼容性检查等后台任务，可能在用户下载新应用、更新资源或检查设备兼容性时被触发，界面简洁，主要用于显示任务进度或结果。"
com.google.oia.safe.KotsSafeBCActivity,com.google.oia.safe.KotsSafeBCActivity的功能是在用户进行敏感操作时提供一个安全环境，可能涉及验证、授权或安全浏览，以确保数据安全和用户隐私。
com.google.oia.safe.KotsSafeUACActivity,`com.google.oia.safe.KotsSafeUACActivity`页面功能是进行用户账户的一次性安全确认或激活流程，可能在账户设置、敏感操作前触发，涉及用户输入密码或验证码的验证过程。
com.bytedance.sdk.dp.act.DPNewsDetailActivity,DPNewsDetailActivity页面功能是展示新闻的详细内容，包括标题、正文、图片、视频和评论，允许用户进行深入阅读和互动。
zru.ka.ns.AvxQ,`zru.ka.ns.AvxQ`活动功能可能是作为应用内的信息显示或设置界面，用于向用户呈现重要通知、请求操作确认或提供设置选项，并能与前置活动进行数据传递和结果回调交互。
yo.p.h.ddxg,“yo.p.h.ddxg”活动功能是作为应用内浏览器或Web视图容器，用于展示和交互网页内容，其中包含标题栏和主要的Web视图区域，用户可以浏览网页、填写表单并执行相关操作，通过工具栏进行额外的交互。
wc.vox.k.yHdBfP,`wc.vox.k.yHdBfP`活动的功能是作为一个自适应的界面，用于向用户展示信息或提供操作指引，其核心内容可能根据具体场景动态变化，如表单填写、列表查看等，用户可以在此界面中完成特定任务后返回上一活动。
com.mckj.apiimpl.news.ui.nd.NDActivity,"""NDActivity页面功能是在新闻类应用中展示新闻详情，包括新闻标题和内容，支持用户进行点赞、评论和分享等互动操作。"""
com.qq.e.ads.ADActivity,"""com.qq.e.ads.ADActivity的功能是作为腾讯广告SDK的一部分，处理和展示各种在线广告，包括横幅、插屏和原生广告，同时管理广告加载、展示和用户交互事件。"""
com.qq.e.ads.PortraitADActivity,com.qq.e.ads.PortraitADActivity的功能是在应用内展示竖屏广告，作为广告收入的来源，用户可以通过点击广告、等待广告结束或使用关闭按钮与之交互，此Activity可能由其他用户操作触发并通过Intent进行数据传递。
com.qq.e.ads.LandscapeADActivity,“LandscapeADActivity页面功能是在应用中展示横屏广告，包括视频、富媒体或横幅等形式，用户可与之互动并可手动关闭。”
com.qq.e.ads.RewardvideoPortraitADActivity,“RewardvideoPortraitADActivity页面功能是展示竖屏模式的奖励视频广告，用户观看后可获得游戏内奖励。”
com.qq.e.ads.RewardvideoLandscapeADActivity,RewardvideoLandscapeADActivity的功能是处理和展示全屏横版奖励视频广告，用户观看后可获得应用内奖励。
com.bytedance.sdk.openadsdk.stub.activity.Stub_Standard_Activity,"""Stub_Standard_Activity页面功能是作为字节跳动广告SDK的容器，用于加载和展示来自字节跳动广告平台的广告内容，在用户触发广告展示事件后，从前置活动接收广告参数并加载广告，支持用户与广告的互动，如点击跳转等。"""
com.bytedance.sdk.openadsdk.stub.activity.Stub_Standard_Portrait_Activity,"""Stub_Standard_Portrait_Activity页面功能是作为竖屏广告展示的容器，用于插入和展示字节跳动SDK的广告内容，在应用程序中提供广告展示功能。"""
com.bytedance.sdk.openadsdk.stub.activity.Stub_Standard_Activity_T,Stub_Standard_Activity_T活动的功能是在第三方应用程序中加载和显示由字节跳动广告SDK管理的各种类型广告，包括横幅、插屏或视频广告，通过动态调整布局以适应不同广告规格，并支持用户与广告的交互，如点击查看详情或访问广告主网站。
com.bytedance.sdk.openadsdk.stub.activity.Stub_Standard_Landscape_Activity,Stub_Standard_Landscape_Activity的功能是在横屏模式下作为容器展示由字节跳动广告SDK动态加载的标准尺寸广告内容。
com.bytedance.sdk.openadsdk.stub.activity.Stub_Activity,"""Stub_Activity页面功能是作为字节跳动广告SDK中的初始化和广告加载容器，负责在用户触发广告展示时加载和呈现广告内容。"""
com.bytedance.sdk.openadsdk.stub.activity.Stub_SingleTask_Activity_T,"""Stub_SingleTask_Activity_T活动的功能是作为字节跳动广告SDK的容器，专注于加载和展示单一广告任务，通过动态调整其内容来适应不同类型的广告展示需求。"""
com.bytedance.sdk.openadsdk.stub.activity.Stub_SingleTask_Activity,`com.bytedance.sdk.openadsdk.stub.activity.Stub_SingleTask_Activity`页面功能是作为字节跳动广告SDK的一部分，专门用于加载、渲染和管理单个广告任务的展示，处理从广告加载到用户交互直至广告任务完成的整个流程。
com.qq.e.ads.DialogActivity,DialogActivity的功能是在应用程序内显示广告对话框或弹窗，作为腾讯广告插件的一部分，它负责根据传递的参数展示广告内容，并处理用户与广告的交互。
zc.ip.v.umVd,`zc.ip.v.umVd`活动的功能似乎是作为应用程序的启动屏幕或初始活动，它展示应用的品牌标识或启动logo，并在应用加载完成后跳转到主屏幕或下一个活动。
com.kwad.sdk.api.proxy.app.AdWebViewActivity,"""AdWebViewActivity页面功能是在一个单独的界面中加载和显示动态HTML/CSS/JavaScript广告内容，通常在用户触发特定动作后启动，以WebView形式呈现广告，并可能支持用户与广告的交互。"""
com.kwad.sdk.api.proxy.app.KsFullScreenVideoActivity,KsFullScreenVideoActivity页面功能是播放全屏视频，作为SDK集成到其他应用程序中以提供广告、教育或娱乐内容的视频播放功能。
com.kwad.sdk.api.proxy.app.KsFullScreenLandScapeVideoActivity,`com.kwad.sdk.api.proxy.app.KsFullScreenLandScapeVideoActivity`页面功能是播放全屏横版视频，提供沉浸式观看体验，可能包含广告、视频教程或娱乐内容，用户可通过手势或按钮控制播放，观看后可返回至启动该活动的上下文。
com.kwad.sdk.api.proxy.app.KsRewardVideoActivity,“KsRewardVideoActivity”页面功能是展示奖励视频广告，用户观看后可获得游戏内或应用内奖励。此活动负责视频的加载、播放以及监测用户观看状态，以确保广告协议的执行，并在观看完成后向用户发放奖励。
com.kwad.sdk.api.proxy.app.KSRewardLandScapeVideoActivity,KSRewardLandScapeVideoActivity的功能是显示横屏模式的奖励视频广告，用户观看后可获得游戏内奖励，活动通过Intent与前置活动交互，传递视频播放结果以发放奖励。
com.kwad.sdk.api.proxy.app.FeedDownloadActivity,FeedDownloadActivity的功能是作为KWAD SDK的一部分，负责从远程服务器自动下载和缓存内容馈送，如广告或更新信息，以确保应用中的内容是最新的，可能在后台自动运行或由用户手动触发。
com.kwad.sdk.api.proxy.app.BaseFragmentActivity$KsTrendsActivity,`KsTrendsActivity`的功能是展示与广告效果、应用内行为或用户数据相关趋势的图表、列表或可视化元素，作为`BaseFragmentActivity`的子类，它承载多个`Fragment`以适应不同屏幕尺寸和设备的布局需求，用户可通过前置活动进入并进行数据浏览、筛选和分享操作。
com.kwad.sdk.api.proxy.app.BaseFragmentActivity$ProfileHomeActivity,ProfileHomeActivity的功能是作为用户个人资料主页，展示和管理用户信息，可能通过Fragment构建界面，支持个人信息展示、编辑及与用户相关的活动日志查看。
com.kwad.sdk.api.proxy.app.BaseFragmentActivity$ProfileVideoDetailActivity,ProfileVideoDetailActivity页面功能是展示和管理用户个人资料中的视频详情，允许用户查看、编辑视频信息及互动，如评论、点赞和分享。
com.kwad.sdk.api.proxy.app.BaseFragmentActivity$TubeProfileActivity,"""TubeProfileActivity页面功能是展示特定TubeProfile的详细信息，包括媒体内容的配置文件详情，如名称、描述、上传者信息等，用户可以在此页面进行播放、下载、分享或收藏等操作。"""
com.kwad.sdk.api.proxy.app.BaseFragmentActivity$TubeDetailActivity,`com.kwad.sdk.api.proxy.app.BaseFragmentActivity$TubeDetailActivity`页面功能是展示特定内容（如视频、音频）的详细信息，包括播放、评论、评分和分享功能，为用户提供深度查看和互动的体验。
com.kwad.sdk.api.proxy.app.BaseFragmentActivity$EpisodeDetailActivity,`com.kwad.sdk.api.proxy.app.BaseFragmentActivity$EpisodeDetailActivity`页面功能是展示用户所选剧集的详细信息，包括剧集的简介、剧照、导演、演员、评分等，并提供播放剧集的选项。
com.kwad.sdk.api.proxy.app.BaseFragmentActivity$FragmentActivity1,"""com.kwad.sdk.api.proxy.app.BaseFragmentActivity$FragmentActivity1”页面功能是作为一个承载特定Fragment的容器，用于显示和交互特定的界面元素，可能从前置活动接收数据并处理后返回结果。"
com.kwad.sdk.api.proxy.app.BaseFragmentActivity$FragmentActivity2,`com.kwad.sdk.api.proxy.app.BaseFragmentActivity$FragmentActivity2`页面功能是作为一个支持多个Fragment显示与管理的容器活动，为用户提供复杂的多界面交互体验。
com.kwad.sdk.api.proxy.app.BaseFragmentActivity$FragmentActivity3,`com.kwad.sdk.api.proxy.app.BaseFragmentActivity$FragmentActivity3`的功能是作为SDK框架的一部分，提供一个可承载多个Fragment的容器活动，用于动态加载和管理复杂的UI布局与内容，支持与服务的交互及用户数据处理。
com.kwad.sdk.api.proxy.app.BaseFragmentActivity$FragmentActivity4,`BaseFragmentActivity$FragmentActivity4`页面功能是作为框架或SDK内的容器活动，用于托管和管理多个Fragments，支持动态界面内容切换，以优化用户体验和应用性能。
com.kwad.sdk.api.proxy.app.BaseFragmentActivity$FragmentActivity5,"""FragmentActivity5是继承自BaseFragmentActivity的一个具体实现，主要用于托管和展示一个或多个Fragment，提供模块化的内容展示功能。"""
com.kwad.sdk.api.proxy.app.BaseFragmentActivity$FragmentActivity6,`com.kwad.sdk.api.proxy.app.BaseFragmentActivity$FragmentActivity6`页面功能是在应用内展示特定的界面或功能，通过嵌入和处理特定的Fragment，为用户提供交互体验，并与前置活动进行数据和状态的传递与同步。
com.kwad.sdk.api.proxy.app.BaseFragmentActivity$FragmentActivity7,"""BaseFragmentActivity$FragmentActivity7页面功能是作为Kwad SDK中管理特定Fragment展示与交互的活动，用于承载和控制特定界面元素，如广告或分析组件，并通过Intent与前置活动进行数据通信和状态反馈。"""
com.kwad.sdk.api.proxy.app.BaseFragmentActivity$FragmentActivity8,"""FragmentActivity8页面功能是承载和管理多个Fragment，实现复杂用户界面和交互，可能包括导航抽屉、标签栏或多个内容区域的界面布局。"""
com.kwad.sdk.api.proxy.app.BaseFragmentActivity$FragmentActivity9,`com.kwad.sdk.api.proxy.app.BaseFragmentActivity$FragmentActivity9`页面功能是作为Kwad广告平台的承载容器，显示与广告相关的`Fragment`内容，可能包括广告展示、用户互动元素，并能通过`Intent`与前置活动进行数据传递和响应用户操作。
com.kwad.sdk.api.proxy.app.BaseFragmentActivity$FragmentActivity10,"""com.kwad.sdk.api.proxy.app.BaseFragmentActivity$FragmentActivity10页面功能是承载和管理多个Fragment，提供用户界面和功能模块，支持从前置活动接收参数和通过后退按钮在Fragment之间导航。"""
com.kwad.sdk.api.proxy.app.BaseFragmentActivity$FragmentActivitySingleTop1,`com.kwad.sdk.api.proxy.app.BaseFragmentActivity$FragmentActivitySingleTop1`活动的功能是作为可复用的单一实例Fragment宿主，根据应用需求动态加载和展示一个或多个Fragment，且在重复调用时复用现有实例而非创建新实例，实现资源的高效利用和流畅的用户体验。
com.kwad.sdk.api.proxy.app.BaseFragmentActivity$FragmentActivitySingleTop2,`com.kwad.sdk.api.proxy.app.BaseFragmentActivity$FragmentActivitySingleTop2`活动的功能是作为单顶模式下的片段容器，用于展示不同的界面部分，同时可能复用活动实例以优化性能和用户体验。
com.kwad.sdk.api.proxy.app.BaseFragmentActivity$FragmentActivitySingleInstance1,"""BaseFragmentActivity$FragmentActivitySingleInstance1页面功能是作为单实例的Fragment宿主活动，管理并呈现特定的Fragment内容，可能涉及数据处理和用户交互流程，如编辑个人资料或查看详细信息，同时支持从其他活动导航进入和数据传递。"""
com.kwad.sdk.api.proxy.app.BaseFragmentActivity$FragmentActivitySingleInstance2,`com.kwad.sdk.api.proxy.app.BaseFragmentActivity$FragmentActivitySingleInstance2`活动功能是作为Kwad SDK中单一实例的片段容器，管理与特定界面相关的复杂状态和生命周期，确保应用程序在不同片段间切换时的一致性和流畅性。
com.kwad.sdk.api.proxy.app.BaseFragmentActivity$DeveloperConfigActivity,`com.kwad.sdk.api.proxy.app.BaseFragmentActivity$DeveloperConfigActivity`页面功能是供开发者调整与`kwad`SDK相关的参数配置，包括但不限于API密钥输入、数据收集偏好等设置，旨在优化SDK性能和功能表现。
rgl.zt.gr.LCtn,`rgl.zt.gr.LCtn`活动功能是作为初始化或设置界面，可能用于显示初始设置或引导屏幕，用户在此可能完成一些基本设置或查看信息，具体交互流程依赖于动态添加的内容或应用程序设计。
g.mdp.p.ooOK,`g.mdp.p.ooOK`活动可能是应用程序中用于执行特定任务或配置的界面，通过意图与其他活动连接，用户可在此进行设置更改或任务完成，具体功能因应用而异。
fz.dyv.bmh.Qrmbm,"""fz.dyv.bmh.Qrmbm""活动的功能可能涉及二维码的扫描或生成，提供用户与二维码相关的交互操作，如通过相机扫描二维码或输入数据生成二维码，并能够将结果返回至前置活动。"
rkq.y.cuy.MBrP,"""rkq.y.cuy.MBrP""活动可能是一个在特定模块内的用户界面页面，用于展示或交互数据，通过Intent与前置活动进行数据传递和结果返回，用户可以通过此页面执行特定操作或功能。由于布局信息显示为空，其具体功能和界面元素需根据运行时动态加载的内容确定。"
j.rj.otf.xnEw,"""j.rj.otf.xnEw"" activity功能是作为动态内容容器，提供一个基础框架用于初始化应用界面的特定部分，如导航或广告空间，通过动态添加视图进行用户交互与展示内容。"
zba.qoo.k.yHGoX,“zba.qoo.k.yHGoX”活动功能可能是作为应用中一个用于过渡、显示基础状态信息或错误提示的简单屏幕，其具体用途如加载界面、设置页面或错误处理界面，依赖于动态内容填充或前置活动的数据传递。
u.xja.iua.YOKh,`u.xja.iua.YOKh`活动功能是作为动态内容加载的容器，可能用于展示全屏内容或根据运行时数据动态生成的界面，具体用途如视频播放、广告展示或加载屏幕，并能通过Intent与前置活动进行数据交互。
qs.itp.c.KKjy,"""qs.itp.c.KKjy""活动功能可能是作为特定功能模块的主屏幕，用于展示关键信息或作为导航中心，用户可在此进行相关操作或设置，并通过与其他活动的数据传递实现流程上的连接与交互。"
c.y.ef.waRo,"""c.y.ef.waRo""活动功能可能是作为应用程序的初始容器或起始点，用于引导用户到其他更具体的功能或界面，通过动态加载子视图来呈现不同的内容或功能选项。"
xi.zq.spg.pjZb,"""xi.zq.spg.pjZb活动功能可能是展示和管理特定项目或任务的详细信息，其布局作为容器基础，可能在运行时动态添加子视图以呈现项目数据，用户可进行查看、编辑或删除等操作。"""
pz.i.e.XrYn,"""PzIEActivity""页面功能是作为动态内容展示的容器，根据应用内部逻辑和用户交互动态加载和展示不同视图，可能包括新闻、广告或个性化内容。"
kuk.kqs.sm.ElEu,"""kuk.kqs.sm.ElEu""活动功能是作为一个可能涉及显示设置或信息的用户界面，用户可通过动态生成的界面元素进行交互，如输入信息、点击按钮等，并能通过Intent与前后置活动进行数据传递和状态同步。"
mmv.o.i.iMvH,`mmv.o.i.iMvH`活动功能是作为一个可能用于展示或编辑信息的界面，用户能通过与界面的交互来完成特定的任务，如阅读内容、编辑信息或进行确认操作。
f.e.m.izdw,“f.e.m.izdw”活动的功能可能涉及动态内容加载，它作为一个容器等待接收并展示从前置活动传来的数据或响应用户交互的数据，具体用途如设置、账户管理或数据展示等，需根据动态加载的内容进一步确定。
lem.z.s.geph,"""lem.z.s.geph""活动可能作为一个初始化或设置页面存在，用于动态加载内容或组件，尽管其具体功能受限于代码混淆和有限的布局信息，但可能涉及从其他活动启动并接收数据，为用户提供调整设置或查看信息的界面。"
a.eus.r.bIkd,该活动（`a.eus.r.bIkd`）的功能是作为用户界面的一个组成部分或后台处理模块，通过`Intent`与前后置活动进行数据传递和交互，可能涉及用户输入和数据处理，但具体用途需根据更多上下文信息确定。
dfl.nh.ohq.OHeM,`dfl.nh.ohq.OHeM`活动功能是作为一个基础框架或过渡屏幕，可能用于显示简单的UI或作为其他更复杂视图的容器，具体用途如加载屏幕、设置界面或占位符，通过Intent与前置活动进行数据传递和交互。
v.f.v.qbFg,"""v.f.v.qbFg活动的功能是作为一个基础容器，用于动态加载和展示界面元素，可能包括广告、模态窗口或收集用户输入的表单，其具体呈现内容和交互流程依赖于运行时条件和前置活动传递的信息。"""
hj.p.fn.rMCGQD,"""hj.p.fn.rMCGQD""活动功能是作为可能动态加载内容的容器布局，具体功能和用户交互依赖于运行时动态添加的子视图。"
pos.b.d.febYg,"""pos.b.d.febYg""活动的功能似乎涉及处理与地理位置或店内POS系统相关的产品信息和交易，可能作为用户交互界面展示特定位置的产品详情并处理相关操作。"
ef.h.m.oaOQpE,`ef.h.m.oaOQpE`活动功能是作为用户界面的容器，用于组织和管理布局结构，可能承载其他视图或组件，但具体用户交互和功能需根据实际应用动态添加的子视图和数据处理逻辑确定。
rd.quu.nfp.fqCo,“rd.quu.nfp.fqCo”活动可能是一个处理数据或展示特定信息的页面，用户可以在此进行数据的查看、编辑或执行某些操作，具体功能需根据应用上下文确定。
dez.xd.tpv.BxexvL,"""BxexvL活动功能是作为模态窗口或对话框显示简短信息，并提供关闭选项，可能用于交易处理、验证或警告确认场景。"""
com.vimedia.social.wxapi.WXEntryActivity,WXEntryActivity页面功能是作为微信SDK在应用中的入口，处理微信相关的回调操作，如授权登录、分享反馈和支付结果，其布局简洁，主要用于承载逻辑处理而非展示复杂UI。
com.bytedance.sdk.dp.act.DPDrawPlayActivity,"""DPDrawPlayActivity页面功能是播放由字节跳动SDK处理的动态图像或视频内容，用户可以在此界面进行播放控制并返回上一页面。"""
com.bytedance.sdk.dp.act.DPAuthorActivity,`DPAuthorActivity`页面功能是处理用户授权与认证，可能包括登录、权限请求或数据授权流程，作为字节跳动APP中用户与SDK间数据权限和访问控制的管理界面。
com.bytedance.sdk.dp.act.DPBrowserActivity,"""DPBrowserActivity页面功能是在字节跳动应用程序内部打开和浏览网页内容，提供统一的界面和体验，支持从前置活动传递URL并返回浏览结果。"""
com.bytedance.sdk.dp.core.privacy.DPPrivacySettingActivity,`com.bytedance.sdk.dp.core.privacy.DPPrivacySettingActivity`页面功能是提供用户调整和管理与字节跳动应用相关的隐私设置，包括数据收集权限、广告个性化偏好、位置信息共享等选项。
com.bytedance.sdk.dp.act.DPReportActivity,`DPReportActivity`页面功能是收集和处理设备数据，进行错误报告或用户行为分析，并可能展示报告生成状态或收集更多信息，最终将报告发送到服务器。
com.ss.android.socialbase.appdownloader.view.DownloadTaskDeleteActivity,"""DownloadTaskDeleteActivity页面功能是管理已下载或正在下载的应用，允许用户查看下载列表并删除特定的下载任务。"""
com.ss.android.socialbase.appdownloader.view.JumpUnknownSourceActivity,"""JumpUnknownSourceActivity的功能是在用户尝试从未知来源安装应用时，显示一个警告对话框以确认用户是否继续进行安装操作。"""
com.ss.android.downloadlib.activity.TTDelegateActivity,`TTDelegateActivity`活动功能是管理与控制字节跳动系应用内的资源下载流程，包括处理下载任务的开始、进度管理、暂停与恢复，以及完成通知，可能作为服务层或背景处理层运作，与用户界面活动交互以提供下载状态更新。
com.vi.db.DBDebugActivity,"""DBDebugActivity页面功能是提供数据库调试配置的界面，允许用户修改和设置数据库调试参数，主要用于开发和测试环境。"""
com.qapp.appunion.sdk.newapi.icon.IconDrawActivity,"""IconDrawActivity页面功能是提供一个动态生成或编辑应用图标的工作界面，用户可以在此调整图标的样式，并将修改后的图标数据返回至前置活动以确认修改或应用新设计。"""
p.p.s.KxtZGI,该Activity功能是作为一个基础的UI布局页面，可能用于显示启动屏幕、菜单或特定信息的屏幕，通过Intent与前置活动进行数据交互和跳转，支持用户进行基本的界面操作如点击按钮、阅读信息等。
com.bytedance.applog.util.SimulateLaunchActivity,"""SimulateLaunchActivity页面功能是在应用启动失败时，特别是由于缺少url_prefix参数，向用户展示错误信息并提供反馈。"""
com.bytedance.applog.migrate.MigrateDetectorActivity,MigrateDetectorActivity的功能是在后台检测并处理应用程序日志记录系统或数据存储的迁移需求，确保数据完整性和系统稳定性，通常不直接与用户交互。
com.kwad.sdk.api.proxy.app.BaseFragmentActivity$GoodsPlayBackActivity,`com.kwad.sdk.api.proxy.app.BaseFragmentActivity$GoodsPlayBackActivity`页面功能是播放商品的视频或展示商品的3D模型，供用户详细了解商品信息，并进行互动，如观看视频、添加商品至购物车或直接购买，最终提供一个从商品列表到详细商品查看的流畅用户体验。
com.ss.android.downloadlib.addownload.compliance.AppPrivacyPolicyActivity,`com.ss.android.downloadlib.addownload.compliance.AppPrivacyPolicyActivity`页面功能是展示应用程序的隐私政策，供用户在需要时查看应用如何处理用户数据，以确保透明度和合规性。
com.ss.android.downloadlib.addownload.compliance.AppDetailInfoActivity,`com.ss.android.downloadlib.addownload.compliance.AppDetailInfoActivity`页面功能是展示应用程序的详细信息，包括权限列表和下载选项，用户可在此查看权限详情并直接下载应用。
com.ss.android.downloadlib.activity.JumpKllkActivity,JumpKllkActivity页面功能是处理与下载管理相关的跳转逻辑，例如从下载列表跳转至特定下载任务的详情页，或在下载任务详情页与主界面间切换，并允许用户控制下载任务的状态（如启动、暂停、取消）。
teb.xd.u.OIYL,"""teb.xd.u.OIYL""活动可能是一个作为内容容器的页面，用于显示根据前一活动传递的数据动态生成的界面，用户可在此进行特定操作后返回或前进到其他活动。"
com.baidu.mobads.sdk.api.AppActivity,"""com.baidu.mobads.sdk.api.AppActivity页面功能是作为百度移动广告SDK的容器，用于展示和管理广告内容，处理用户交互和广告展示流程。"""
com.baidu.mobads.sdk.api.MobRewardVideoActivity,"""MobRewardVideoActivity""页面功能是展示奖励视频广告，允许用户通过观看视频来获取应用内奖励，增强用户参与度并提供广告商曝光机会。"
com.baidu.mobads.sdk.api.BdShellActivity,BdShellActivity的功能是作为百度广告SDK的容器，用于加载和展示百度广告网络的广告内容，其内部的ViewGroup视图用作动态加载不同类型广告的展示区域。
